{
    "measurement_name": {
        "Kategorie": "ls3",
        "Zeichen": "filename",
        "Deutsch": "Dateiname",
        "Datentyp": "object",
        "Einheit": "-",
        "Beschreibung": "Name der Log-Datei bzw. Serienbezeichnung der Messung"
    },
    "sensor_id": {
        "Kategorie": "ls3",
        "Zeichen": "sensor\\_id",
        "Deutsch": "Sensor ID",
        "Datentyp": "object",
        "Einheit": "-",
        "Beschreibung": "ID des LineScale3 (Seriennummer)"
    },
    "measurement_id": {
        "Kategorie": "ls3",
        "Zeichen": "$ID_{\\mathrm{Log}}$",
        "Deutsch": "LogNr.",
        "Datentyp": "Int64",
        "Einheit": "-",
        "Beschreibung": "Mess-ID (interne LogNr. der LS3)"
    },
    "datetime": {
        "Kategorie": "ls3",
        "Zeichen": "$t$",
        "Deutsch": "Zeitstempel",
        "Datentyp": "object",
        "Einheit": "-",
        "Beschreibung": "Startzeitpunkt der Messung laut Gerät"
    },
    "unit": {
        "Kategorie": "ls3",
        "Zeichen": "unit",
        "Deutsch": "Einheit",
        "Datentyp": "object",
        "Einheit": "-",
        "Beschreibung": "Einheit der Kraftmessung (hier kN)"
    },
    "mode": {
        "Kategorie": "ls3",
        "Zeichen": "mode",
        "Deutsch": "Modus",
        "Datentyp": "object",
        "Einheit": "-",
        "Beschreibung": "Messmodus, hier ABS für absolute Kraft"
    },
    "speed": {
        "Kategorie": "ls3",
        "Zeichen": "$f$",
        "Deutsch": "Abtastrate",
        "Datentyp": "Int64",
        "Einheit": "Hz",
        "Beschreibung": "Messgeschwindigkeit in Hz"
    },
    "trig": {
        "Kategorie": "ls3",
        "Zeichen": "$F_{\\mathrm{trig}}$",
        "Deutsch": "Triggerkraft",
        "Datentyp": "float64",
        "Einheit": "kN",
        "Beschreibung": "Mindestkraft für Messbeginn"
    },
    "pre": {
        "Kategorie": "ls3",
        "Zeichen": "$t_{\\mathrm{pre}}$",
        "Deutsch": "Vorlaufzeit",
        "Datentyp": "Int64",
        "Einheit": "s",
        "Beschreibung": "Nachträglich ergänzter Zeitraum vor Trigger"
    },
    "catch": {
        "Kategorie": "ls3",
        "Zeichen": "$t_{\\mathrm{catch}}$",
        "Deutsch": "Aufzeichnungszeit",
        "Datentyp": "Int64",
        "Einheit": "s",
        "Beschreibung": "Dauer der Datenerfassung nach Trigger"
    },
    "duration": {
        "Kategorie": "ls3",
        "Zeichen": "$\\Delta t$",
        "Deutsch": "Messdauer",
        "Datentyp": "float64",
        "Einheit": "s",
        "Beschreibung": "Gesamtdauer der Messung"
    },
    "length": {
        "Kategorie": "ls3",
        "Zeichen": "$n$",
        "Deutsch": "Anzahl Messpunkte",
        "Datentyp": "Int64",
        "Einheit": "-",
        "Beschreibung": "Anzahl erfasster Datenpunkte"
    },
    "mean": {
        "Kategorie": "ls3",
        "Zeichen": "$\\bar{F}$",
        "Deutsch": "Mittlere Kraft",
        "Datentyp": "float64",
        "Einheit": "kN",
        "Beschreibung": "Arithmetisches Mittel der gemessenen Kraft"
    },
    "median": {
        "Kategorie": "ls3",
        "Zeichen": "$F_{\\mathrm{median}}$",
        "Deutsch": "Median Kraft",
        "Datentyp": "float64",
        "Einheit": "kN",
        "Beschreibung": "Median der gemessenen Kraft"
    },
    "release": {
        "Kategorie": "ls3",
        "Zeichen": "$F_{\\mathrm{release}}$",
        "Deutsch": "Vorspannkraft-Ist",
        "Datentyp": "float64",
        "Einheit": "kN",
        "Beschreibung": "Tatsächlich realisierte Vorspannkraft im Zugseil bei Release"
    },
    "integral": {
        "Kategorie": "ls3",
        "Zeichen": "$\\int F\\,dt$",
        "Deutsch": "Kraftintegral",
        "Datentyp": "float",
        "Einheit": "kN·s",
        "Beschreibung": "Zeitliches Integral der Kraft (Fläche unter der Kraft-Zeit-Kurve)"
    },
    "datetime_start": {
        "Kategorie": "ls3",
        "Zeichen": "$t_{\\mathrm{start}}$",
        "Deutsch": "Startzeitpunkt",
        "Datentyp": "object",
        "Einheit": "-",
        "Beschreibung": "Berechneter Startzeitpunkt der Messung"
    },
    "datetime_end": {
        "Kategorie": "ls3",
        "Zeichen": "$t_{\\mathrm{end}}$",
        "Deutsch": "Endzeitpunkt",
        "Datentyp": "object",
        "Einheit": "-",
        "Beschreibung": "Berechneter Endzeitpunkt der Messung"
    },
    "max_index": {
        "Kategorie": "ls3",
        "Zeichen": "idx($F_{\\mathrm{max}}$)",
        "Deutsch": "Index der maximalen Kraft",
        "Datentyp": "int",
        "Einheit": "",
        "Beschreibung": "Index (Zeitpunkt) des maximalen Kraftwertes"
    },
    "max_force": {
        "Kategorie": "ls3",
        "Zeichen": "$F_{\\mathrm{max}}$",
        "Deutsch": "Maximale Kraft",
        "Datentyp": "float",
        "Einheit": "kN",
        "Beschreibung": "Maximale Kraftspitze"
    },
    "min_index": {
        "Kategorie": "ls3",
        "Zeichen": "idx($F_{\\mathrm{min}}$)",
        "Deutsch": "Index der minimalen Kraft",
        "Datentyp": "int",
        "Einheit": "",
        "Beschreibung": "Index (Zeitpunkt) des minimalen Kraftwertes"
    },
    "min_force": {
        "Kategorie": "ls3",
        "Zeichen": "$F_{\\mathrm{min}}$",
        "Deutsch": "Minimale Kraft",
        "Datentyp": "float",
        "Einheit": "kN",
        "Beschreibung": "Minimaler Kraftwert"
    },
    "rel_zero": {
        "Kategorie": "ls3",
        "Zeichen": "rel\\_zero",
        "Deutsch": "Nullpunkt relativ",
        "Datentyp": "float64",
        "Einheit": "-",
        "Beschreibung": "Für ABS-Modus nicht relevant (hier NaN)"
    },
    "stop": {
        "Kategorie": "ls3",
        "Zeichen": "$t_{\\mathrm{stop}}$",
        "Deutsch": "Stopp-Kriterium",
        "Datentyp": "float64",
        "Einheit": "s",
        "Beschreibung": "Zeitpunkt der Beendigung der Messung (fixe Dauer bei KS)"
    },
    "total": {
        "Kategorie": "ls3",
        "Zeichen": "$t_{\\mathrm{total}}$",
        "Deutsch": "Messzeitraum gesamt",
        "Datentyp": "Int64",
        "Einheit": "s",
        "Beschreibung": "Gesamtlänge der Messung inkl. Pre-Trigger-Phase"
    }
}
